{"cameraMode":{"drawMode":0,"name":"Shaded","section":"Shading Mode"},"sceneLighting":false,"audioPlay":false,"sceneViewState":{"showFog":true,"showMaterialUpdate":false,"showSkybox":true,"showFlares":true,"showImageEffects":true,"showParticleSystems":true},"in2DMode":false,"pivot":{"x":-30.857872009277345,"y":21.527191162109376,"z":-18.335168838500978},"rotation":{"x":-0.2403092384338379,"y":0.6855090260505676,"z":-0.6367000341415405,"w":-0.25873130559921267},"size":-3.9380438327789308,"orthographic":false}