{"cameraMode":{"drawMode":0,"name":"Shaded","section":"Shading Mode"},"sceneLighting":false,"audioPlay":false,"sceneViewState":{"showFog":true,"showMaterialUpdate":false,"showSkybox":true,"showFlares":true,"showImageEffects":true,"showParticleSystems":true},"in2DMode":false,"pivot":{"x":-20.200000762939454,"y":0.0,"z":31.200000762939454},"rotation":{"x":-0.13971911370754243,"y":0.84150230884552,"z":-0.45263779163360598,"w":-0.25975295901298525},"size":2.8578836917877199,"orthographic":false}